"id","co2","inoc","n.trt","rep","Vcmax","Jmax","Rd","tLeaf","vcmax25","jmax25","jmax25.vcmax25","tla","focal_biomass","leaf_biomass","chlor_biomass","stem_biomass","root_biomass","nodule_biomass","total_biomass","bvr"
"a_n_0_109","a","n","0","109",93.6243213954327,151.892785939821,3.82586037882514,24.9826930953403,93.7638541979378,152.046599939757,1.62159076373698,129.97,NA,NA,NA,NA,NA,NA,0,0
"a_n_0_110","a","n","0","110",7.30202629218653,13.8180736765292,-0.0243280283583214,25.0026993769623,7.30033105148926,13.8158934998993,1.89250232660077,29.12,NA,NA,NA,NA,NA,NA,0,0
"a_n_0_111","a","n","0","111",10.0892450781867,18.9129078029087,0.677002117941935,24.9866184467496,10.1008683058193,18.9277129995912,1.87386989182768,22.67,NA,NA,NA,NA,NA,NA,0,0
"a_n_0_112","a","n","0","112",115.48746395552,189.96404714901,4.7213031478549,25.0282841929091,115.206980327775,189.650423531841,1.6461712909432,81.94,NA,NA,NA,NA,NA,NA,0,0
"a_n_105_121","a","n","105","121",62.1495744806525,116.970743186071,2.30739412500155,25.0247602948077,62.0174088103683,116.80165724027,1.88336887143119,111.23,NA,NA,NA,NA,NA,NA,0,0
"a_n_105_122","a","n","105","122",70.4301819304615,123.239130405893,3.5070527778621,25.0091906963699,70.3745332067827,123.17295009798,1.7502489108675,144.61,NA,NA,NA,NA,NA,NA,0,0
"a_n_105_124","a","n","105","124",68.8711157768045,121.42631670931,2.83964267833455,25.0236454641889,68.7312408198854,121.258683250384,1.76424405850828,137.47,NA,NA,NA,NA,NA,NA,0,0
"a_n_140_125","a","n","140","125",95.1042163949016,165.887512439723,2.69204132899321,26.2402517907843,85.7205765421121,154.642026402544,1.80402457193662,157.63,NA,NA,NA,NA,NA,NA,0,0
"a_n_140_126","a","n","140","126",84.3381655072621,206.732087891362,2.11218851497725,25.0155217154182,84.2256688202309,206.544660056114,2.45227687650611,246.05,NA,NA,NA,NA,NA,NA,0,0
"a_n_140_127","a","n","140","127",51.4552844323395,95.0128406554027,3.09100211211061,25.0092235979347,51.4144828100314,94.9616355044492,1.84698221812943,126.95,NA,NA,NA,NA,NA,NA,0,0
"a_n_140_128","a","n","140","128",71.9973058075258,131.390635817887,2.72049167435238,25.0262285515254,71.8351340122952,131.189458289681,1.82625758402882,172.28,NA,NA,NA,NA,NA,NA,0,0
"a_n_210_129","a","n","210","129",94.6421232174405,174.375429290842,3.33203482210828,25.052271894918,94.2179635998872,173.844060390578,1.84512648913573,304.41,NA,NA,NA,NA,NA,NA,0,0
"a_n_210_130","a","n","210","130",90.2202992581395,163.972350688587,3.62327027603127,25.0662023001079,89.7086467835425,163.339988185541,1.82078310220935,326.36,NA,NA,NA,NA,NA,NA,0,0
"a_n_210_131","a","n","210","131",99.274499085626,177.170595705208,3.95014453462909,25.0678931531148,98.6971806434178,176.469945656184,1.78799378569638,318.73,NA,NA,NA,NA,NA,NA,0,0
"a_n_210_132","a","n","210","132",84.7178390690238,153.481294490711,4.23352491258305,25.0356495009235,84.4586259728862,153.162042695347,1.81345648157379,241.52,NA,NA,NA,NA,NA,NA,0,0
"a_n_280_134","a","n","280","134",149.763304677257,212.819827982211,4.79911217731146,27.6950640491071,120.522410744344,184.00557446585,1.52673327167483,440.19,NA,NA,NA,NA,NA,NA,0,0
"a_n_280_135","a","n","280","135",102.020829378082,164.635957083705,4.33048272751246,25.0557480227098,101.533300458324,164.101002544434,1.61622838816111,469.67,NA,NA,NA,NA,NA,NA,0,0
"a_n_35_113","a","n","35","113",36.7530979535709,66.2402711185397,1.14903351650169,25.0114493886064,36.7169267612862,66.1959628970557,1.80287319054305,25.19,NA,NA,NA,NA,NA,NA,0,0
"a_n_35_114","a","n","35","114",21.1676744093057,38.1165531461072,2.03749608505359,25.0052259151256,21.1581619840234,38.1049119216832,1.8009556761337,60.43,NA,NA,NA,NA,NA,NA,0,0
"a_n_35_115","a","n","35","115",19.6947058604442,34.286456029236,1.60157272290891,24.9822997574145,19.7247256498257,34.3219659863076,1.74004782604471,19.2,NA,NA,NA,NA,NA,NA,0,0
"a_n_35_116","a","n","35","116",55.3454539537903,101.95080055496,2.21583608292188,25.0167986442,55.2655630496022,101.850772447507,1.84293376973458,48.68,NA,NA,NA,NA,NA,NA,0,0
"a_n_350_137","a","n","350","137",83.5619300017647,133.0148970702,4.60026451539575,25.0186140228169,83.4282887606383,132.870301148371,1.59262886872324,525.64,NA,NA,NA,NA,NA,NA,0,0
"a_n_350_138","a","n","350","138",107.679288347891,165.282759281432,4.41373958786033,25.0040336644153,107.641935810417,165.243794041568,1.53512469649935,484.91,NA,NA,NA,NA,NA,NA,0,0
"a_n_350_77","a","n","350","77",131.037270875446,220.382360066608,3.46824849141781,25.0340582406072,130.654191357463,219.944374276809,1.68340848457784,NA,NA,NA,NA,NA,NA,NA,NA,NA
"a_n_630_141","a","n","630","141",93.3723073108358,152.059258269069,4.39865468934408,25.0067322098684,93.3182579516698,151.99943658278,1.62882848350536,435.24,NA,NA,NA,NA,NA,NA,0,0
"a_n_630_142","a","n","630","142",105.686321568136,167.157811322929,5.57974125473767,25.0149159949737,105.55084526279,167.012171787393,1.58229118271466,591.5,NA,NA,NA,NA,NA,NA,0,0
"a_n_630_143","a","n","630","143",118.168119981688,203.913068749533,4.45852131157895,25.0447747051511,117.714268726107,203.380601812514,1.72774808027506,413.19,NA,NA,NA,NA,NA,NA,0,0
"a_n_630_144","a","n","630","144",125.599907842128,208.970113252749,4.93114048905691,25.0260332764138,125.31910064695,208.652529528947,1.66496989247285,640.91,NA,NA,NA,NA,NA,NA,0,0
"a_n_70_117","a","n","70","117",87.6974569783673,132.530830855556,3.80839156794368,27.4396712159016,71.9374363343828,116.036623327732,1.61302138692246,123.19,NA,NA,NA,NA,NA,NA,0,0
"a_n_70_118","a","n","70","118",88.0675026394008,146.466490542736,3.1143348056893,25.0263092632829,87.8685237760786,146.241540615949,1.66432226616924,149.79,NA,NA,NA,NA,NA,NA,0,0
"a_n_70_119","a","n","70","119",23.3125569509538,43.0158232294072,1.58091686336756,24.9938537945309,23.324886916677,43.0312835606786,1.84486568849823,95.31,NA,NA,NA,NA,NA,NA,0,0
"a_n_70_120","a","n","70","120",42.8170757561625,77.6507631071912,2.01487696888516,25.0123084256827,42.7717773695767,77.594927859491,1.81416187569244,63.89,NA,NA,NA,NA,NA,NA,0,0
"a_y_0_73","a","y","0","73",112.085857990109,179.707307313153,4.52824374222531,25.0143055875952,111.948052839645,179.557136398855,1.60393264415285,116.06,NA,NA,NA,NA,NA,NA,0,0
"a_y_0_74","a","y","0","74",122.508957337164,213.869974744049,4.0266200663462,25.0318576012038,122.173905012686,213.47234908516,1.74728268743636,143,NA,NA,NA,NA,NA,NA,0,0
"a_y_0_75","a","y","0","75",107.943508562393,183.452038481305,4.81591702499262,25.0074274619643,107.874574657783,183.372416099094,1.6998668748481,107.4,NA,NA,NA,NA,NA,NA,0,0
"a_y_0_76","a","y","0","76",85.5043381872092,142.058828625169,3.50030647962764,24.9903981527566,85.5750027627137,142.138607099818,1.66098279300027,76.89,NA,NA,NA,NA,NA,NA,0,0
"a_n_105_123","a","n","105","123",69.8761803224137,129.160210671832,3.46955915148159,24.9996332783665,69.8783846364881,129.162979628964,1.84839675818035,160.84,NA,NA,NA,NA,NA,NA,0,0
"a_y_105_85","a","y","105","85",148.425072928756,227.146191445532,4.19534302916006,27.2164995475,123.838902297027,201.121353006359,1.62405632863226,157.89,NA,NA,NA,NA,NA,NA,0,0
"a_y_105_86","a","y","105","86",89.989516201806,165.231005377832,3.21086927239736,25.0218953817771,89.8202590520509,165.019761428808,1.83722206070658,353.47,NA,NA,NA,NA,NA,NA,0,0
"a_y_105_87","a","y","105","87",99.8265820074159,165.401719086923,3.66835871926681,25.0202123192727,99.6532372570464,165.206494277503,1.65781362276639,379.04,NA,NA,NA,NA,NA,NA,0,0
"a_y_105_88","a","y","105","88",108.642991506393,183.120386779721,3.96725871946498,25.018843299318,108.467100260549,182.918873393171,1.6863995898644,281.77,NA,NA,NA,NA,NA,NA,0,0
"a_y_140_89","a","y","140","89",128.367899371077,212.503760164499,4.20044914389103,25.0205399194309,128.141385602195,212.24887962664,1.65636479291359,525.84,NA,NA,NA,NA,NA,NA,0,0
"a_y_140_90","a","y","140","90",118.930628294058,207.306420773602,4.1755985465245,25.0380750807015,118.542033295882,206.845928526974,1.74491632019408,266.2,NA,NA,NA,NA,NA,NA,0,0
"a_y_140_91","a","y","140","91",126.802075354167,204.703009036137,5.46896461534937,25.0302178433333,126.473097902408,204.341984388175,1.61569525675613,323.86,NA,NA,NA,NA,NA,NA,0,0
"a_y_140_92","a","y","140","92",104.661502730851,159.519768353444,3.71108172918261,24.9916716078162,104.736521914285,159.597466237276,1.52379956218031,269.36,NA,NA,NA,NA,NA,NA,0,0
"a_y_210_93","a","y","210","93",105.604207367424,157.743970328901,4.08582530012865,25.0158867124638,105.460035275664,157.597596002641,1.49438216657802,439.36,NA,NA,NA,NA,NA,NA,0,0
"a_y_210_94","a","y","210","94",102.296497646085,170.813558172122,4.11510864800385,25.0386190680965,101.957489274318,170.428718024961,1.67156644634924,212.02,NA,NA,NA,NA,NA,NA,0,0
"a_y_210_95","a","y","210","95",103.142686612612,168.808042559138,3.45088161231213,25.0260724284069,102.911741412807,168.551110115276,1.63782196085062,503.24,NA,NA,NA,NA,NA,NA,0,0
"a_y_210_96","a","y","210","96",101.144252638294,163.908284914678,2.97114057139701,25.0304562398114,100.879775999692,163.616930986885,1.62190022098567,406.84,NA,NA,NA,NA,NA,NA,0,0
"a_y_280_100","a","y","280","100",102.899590443202,156.804896430336,4.11751458552584,24.9907605273519,102.981419923486,156.889631112226,1.52347512035466,534.47,NA,NA,NA,NA,NA,NA,0,0
"a_n_280_133","a","n","280","133",87.0870363350445,131.657239099588,4.30782722643939,24.9835480676119,87.2104079992465,131.783969667802,1.51110369382678,535.39,NA,NA,NA,NA,NA,NA,0,0
"a_y_280_98","a","y","280","98",88.7418201806892,138.688558116144,4.58186924334684,25.0253751275418,88.548425492444,138.483106669341,1.56392511667142,442.03,NA,NA,NA,NA,NA,NA,0,0
"a_y_280_99","a","y","280","99",120.045488784183,184.730394628449,5.30224787677559,25.0189225601587,119.850320543712,184.5262552954,1.53963923048582,598.82,NA,NA,NA,NA,NA,NA,0,0
"a_y_35_77","a","y","35","77",113.621646460651,188.010292695425,4.17282597216093,25.022465244529,113.402386506463,187.763677458249,1.65572950660566,267.67,NA,NA,NA,NA,NA,NA,0,0
"a_y_35_78","a","y","35","78",104.152193907323,186.161584844604,1.61190425422263,25.0559161922917,103.652983646416,185.554867363288,1.79015461818502,183.88,NA,NA,NA,NA,NA,NA,0,0
"a_y_35_80","a","y","35","80",113.996794618362,205.246429103346,4.36844159159898,25.0119174102061,113.880020020325,205.103530928812,1.80104930515648,310.03,NA,NA,NA,NA,NA,NA,0,0
"a_y_350_101","a","y","350","101",130.451401746907,224.9112970041,3.56864535653014,25.8338606159615,121.572088524179,214.427966854539,1.76379273777049,519.91,NA,NA,NA,NA,NA,NA,0,0
"a_y_350_102","a","y","350","102",101.090727759133,155.46940603989,5.14721345839502,25.0310490365782,100.821256062171,155.187682494223,1.53923575796881,580.95,NA,NA,NA,NA,NA,NA,0,0
"a_y_350_103","a","y","350","103",121.137660052737,204.572555995203,4.3008763186362,25.0303268571327,120.822246807351,204.210461906266,1.69017269006656,269.07,NA,NA,NA,NA,NA,NA,0,0
"a_y_350_104","a","y","350","104",119.037737600303,191.052841584908,4.30426019503069,25.0237090648155,118.795326578873,190.788377619136,1.60602595332287,492.11,NA,NA,NA,NA,NA,NA,0,0
"a_y_630_105","a","y","630","105",120.307875831849,197.404508542505,4.61183228058765,25.0238085404523,120.061851874372,197.130107259809,1.64190460318802,292.03,NA,NA,NA,NA,NA,NA,0,0
"a_y_630_106","a","y","630","106",110.739210913305,181.591850972257,3.61724202707336,25.040589477435,110.353546849187,181.161898151445,1.64164998157266,609.39,NA,NA,NA,NA,NA,NA,0,0
"a_y_630_107","a","y","630","107",119.769621581235,187.049846289183,5.03399621721874,25.0248191428689,119.514318210684,186.77881637074,1.5628153945662,507.25,NA,NA,NA,NA,NA,NA,0,0
"a_y_630_108","a","y","630","108",76.4367723539592,122.136515815549,4.64093457915609,24.9953477363247,76.467370205849,122.169740363152,1.59767153014774,371.01,NA,NA,NA,NA,NA,NA,0,0
"a_y_35_79","a","y","35","79",100.179085863692,167.652694819888,2.8652527927967,25.037575520116,99.8560443700686,167.28516231991,1.67526325897657,122.2,NA,NA,NA,NA,NA,NA,0,0
"a_y_70_81","a","y","70","81",101.399647269757,165.357122571862,3.13279162787634,25.0476820540543,100.984986624742,164.897368143745,1.63288993399089,319.73,NA,NA,NA,NA,NA,NA,0,0
"a_y_70_82","a","y","70","82",100.761606815649,170.033079171552,4.22648990675182,25.0240920443695,100.553104155815,169.793914590317,1.68859943226823,237.25,NA,NA,NA,NA,NA,NA,0,0
"a_y_70_83","a","y","70","83",106.592599347156,181.71804232106,3.76971102519681,25.0099357449777,106.50155453298,181.612551874105,1.70525728634192,242.09,NA,NA,NA,NA,NA,NA,0,0
"a_y_70_84","a","y","70","84",104.048329096097,184.528191581704,4.34819601621374,25.0275903165944,103.801816258413,184.231005206839,1.77483411993678,287.52,NA,NA,NA,NA,NA,NA,0,0
"e_n_0_39","e","n","0","39",19.945953416082,36.6062551077149,2.45698015007225,24.9955915639195,19.9535192533821,36.6156910111478,1.83504927357321,34.35,0.052,0.204,0.029,0.247,0.621,0.022,1.175,0.196
"e_n_0_40","e","n","0","40",73.0989454557125,134.666811956218,3.44748270956384,25.0233288637668,72.9524688359643,134.483385712018,1.84343844502929,40.21,0.046,0.221,0.028,0.189,0.374,0.041,0.899,0.15
"e_n_105_15","e","n","105","15",95.192419703076,178.089376490493,3.76842358763305,25.0015118045669,95.1800415815625,178.073638780354,1.87091364766591,NA,NA,NA,NA,NA,NA,NA,NA,NA
"e_n_105_49","e","n","105","49",51.7592105693015,97.1624810504735,3.5505208891576,24.9889129656902,51.8086077560004,97.2254912334382,1.87662814046914,167.96,0.109,1.036,0.092,0.737,1.27,0,3.244,0.541
"e_n_105_50","e","n","105","50",43.7456223288785,82.7022909427226,2.47586799352612,24.9921874222642,43.7750353157605,82.7400771740138,1.89012016957128,142.34,0.094,0.982,0.073,0.547,1.033,0.04,2.769,0.462
"e_n_105_52","e","n","105","52",30.1330994870805,57.2009372643885,2.78160185538319,24.9969018408004,30.1411315956298,57.2112987127854,1.89811382931225,198.05,0.099,1.134,0.066,0.739,1.416,0.012,3.466,0.578
"e_n_140_53","e","n","140","53",48.1598926259648,88.7571028684529,3.57782230821021,24.993751996553,48.1857863444395,88.7895316173791,1.84264984248047,259.35,0.055,1.649,0.049,1.418,1.907,0,5.078,0.846
"e_n_140_54","e","n","140","54",56.6953689472696,106.526838735173,2.85311955692925,24.9979262836543,56.7054836034212,106.539753856548,1.87882629838149,156.35,0.092,0.975,0.123,0.925,1.631,0.014,3.76,0.627
"e_n_140_55","e","n","140","55",59.866275186781,113.012314538628,3.73181352271263,24.9889854337393,59.9230357698273,113.085124074292,1.88717281461953,289.37,0.078,1.809,0.062,1.196,1.843,0,4.988,0.831
"e_n_210_57","e","n","210","57",65.6439897935376,122.980251162862,3.38372610716159,24.9995433177832,65.6465686032758,122.98353440185,1.87341908371602,456.06,0.091,2.977,0.078,1.55,2.492,0.013,7.201,1.2
"e_n_210_58","e","n","210","58",58.2197003735985,111.502453065285,2.74847247383397,24.9903039034615,58.2682882894568,111.565686419585,1.91468961410647,579.7,0.105,3.878,0.087,2.246,3.923,0.017,10.256,1.709
"e_n_210_59","e","n","210","59",74.3341253114047,136.741614935159,4.23176336227258,25.0025719334042,74.3176825081892,136.721058680671,1.83968409759825,285.57,0.146,1.792,0.13,1.01,2.103,0.06,5.241,0.874
"e_n_210_60","e","n","210","60",43.0094654392315,80.060569615207,3.61985060774216,24.993967743744,43.031791166466,80.0888105668713,1.86115447198218,404.05,0.08,2.907,0.075,1.617,2.951,0.039,7.669,1.278
"e_y_280_26","e","y","280","26",70.8348576772529,134.632302623493,3.14931891932009,24.9980823460784,70.846543712803,134.647396682021,1.90054997217441,800.01,0.139,5.626,0.162,3.146,4.421,0.204,13.698,2.283
"e_n_280_61","e","n","280","61",58.1961788775595,109.152679331983,5.70140458389729,25.0110483736517,58.1409087710484,109.082222700618,1.8761698949387,680.14,0.185,5.556,0.154,3.347,6.366,0,15.608,2.601
"e_n_280_62","e","n","280","62",58.0529669762945,108.000966133942,2.94350792907811,24.9969312425,58.0682943669154,108.020343874204,1.86022932224696,624.95,0.128,4.617,0.096,2.474,4.033,0.037,11.385,1.898
"e_n_280_64","e","n","280","64",79.0203970372545,149.150673055893,3.82724678400181,25.001272238521,79.0117499272647,149.139581125677,1.88756205580777,490.28,0.142,3.72,0.141,1.624,3.036,0.055,8.718,1.453
"e_n_35_41","e","n","35","41",64.6035104139212,117.282615476607,2.43483024513101,25.0022200329351,64.5911750205014,117.267396526521,1.81553279514269,94.82,0.068,0.682,0.045,0.391,0.698,0.062,1.946,0.324
"e_n_35_42","e","n","35","42",38.072973198425,72.5007765340668,1.68064211926581,25.0075007721154,38.04841951322,72.4689990773175,1.90465201983325,110.49,0.055,0.638,0.031,0.313,1.074,0.061,2.172,0.362
"e_n_35_43","e","n","35","43",30.7956886355593,57.9536086676094,2.06241510909747,25.0007482468893,30.7937065959999,57.9510738262121,1.88191290468878,78.87,0.074,0.51,0.042,0.365,0.732,0.039,1.762,0.294
"e_n_35_44","e","n","35","44",38.9849358975377,71.1212418877479,2.88701675069888,24.9938951779201,39.0054160693332,71.1466314302812,1.82401929270069,88.88,0.032,0.614,0.022,0.257,0.671,0.04,1.636,0.273
"e_n_350_65","e","n","350","65",147.241833174309,-1160.84293595955,-232.949605043305,24.9965615941437,147.28539234829,NA,NA,657.69,0.158,4.593,0.119,2.42,4.294,0.011,11.595,1.933
"e_n_350_66","e","n","350","66",82.0443555397407,154.340353621038,5.07436223656337,24.9920296363396,82.1006338840759,154.412295691488,1.88076861756652,764.48,0.193,5.627,0.193,2.714,5.183,0.027,13.937,2.323
"e_n_350_67","e","n","350","67",93.2307487988988,170.995607856755,4.84504046161648,24.9952424865906,93.2689138924332,171.043176045813,1.83387121075599,846.32,0.165,6.419,0.156,3.267,3.938,0,13.945,2.324
"e_n_630_69","e","n","630","69",101.319362351804,182.066801577863,6.61537131651877,24.9934342900474,101.376609048074,182.136706145894,1.79663442934379,1035.3,0.303,9.359,0.314,3.898,6.668,0,20.542,3.424
"e_n_630_70","e","n","630","70",99.3972215173744,175.46017798148,5.65420403055893,24.990079789365,99.4820931591925,175.56198306491,1.76475964155653,762.99,0.141,5.81,0.159,2.803,3.804,0,12.717,2.12
"e_n_630_71","e","n","630","71",97.4576505452239,166.199827396946,5.72179609222136,24.9963478288056,97.4882747032172,166.235317559773,1.70518268033609,732.73,0.147,6.073,0.163,3.015,7.949,0,17.347,2.891
"e_n_630_72","e","n","630","72",96.2284877061363,160.690044175856,3.96874740949258,24.9826144000333,96.3725544415122,160.853507291842,1.66908004279852,797.09,0.216,6.091,0.185,3.17,4.397,0,14.059,2.343
"e_n_70_45","e","n","70","45",55.4689985148887,104.358177189009,4.0183851859009,24.9942060465812,55.4966539587963,104.393534309583,1.88107799052337,141.62,0.082,1.011,0.058,0.441,0.871,0.064,2.527,0.421
"e_n_70_46","e","n","70","46",39.9780359044144,76.0481817081659,1.77456082227168,25.0048674624528,39.9613022973157,76.0265484289476,1.90250427434279,80.75,0.073,0.52,0.059,0.25,0.835,0.027,1.764,0.294
"e_n_70_47","e","n","70","47",103.991732588416,185.0975855079,5.06322945847049,25.0073835125293,103.925715109239,185.017724099181,1.78028819820681,282.05,0.183,1.911,0.12,0.796,1.478,0.267,4.755,0.793
"e_n_70_48","e","n","70","48",51.9592466815759,95.2866748794582,3.80333407991441,24.9909158061161,51.9998717385149,95.3373003888816,1.83341414510197,102.88,0.061,0.746,0.059,0.39,0.714,0.075,2.045,0.341
"e_y_0_1","e","y","0","1",100.00831695982,175.447336017096,3.79640588088083,25.0210705676899,99.8272924566357,175.231471054972,1.75534632606701,227.03,0.183,1.763,0.134,0.582,1.308,0.319,4.289,0.715
"e_y_0_2","e","y","0","2",104.114608106185,191.371255654011,4.25310949117108,24.9995685272717,104.118472439384,191.376082711812,1.8380607996648,281.53,0.156,2.017,0.172,0.63,1.139,0.371,4.485,0.748
"e_y_0_3","e","y","0","3",129.326508886553,218.016937659679,6.60292514791346,25.014608638275,129.16414180706,217.83089719991,1.68646571836707,328.46,0.147,2.098,0.152,0.724,1.391,0.401,4.913,0.819
"e_y_0_4","e","y","0","4",94.4678078452878,172.733583553587,4.51129803866358,25.0133500162544,94.3594150195367,172.598875087682,1.82916431870573,241.05,0.113,1.707,0.096,0.783,1.201,0.332,4.232,0.705
"e_y_105_13","e","y","105","13",123.65530061509,218.633193905937,5.02252735615804,25.0038193244334,123.614684976588,218.584389660521,1.7682720277281,557.79,0.192,3.495,0.164,1.419,2.126,0.494,7.89,1.315
"e_y_105_14","e","y","105","14",54.2278535971313,96.9723983337752,-1.70198937712191,26.9768867967808,46.0915371371698,86.9235759587793,1.88589015159317,486.62,0.171,3.155,0.137,1.525,2.39,0.399,7.777,1.296
"e_y_105_15","e","y","105","15",92.4356437878482,177.048299249376,3.57618001558781,24.9939891532075,92.4834557243554,177.110530395024,1.91505095703709,507.54,0.165,2.966,0.143,1.48,2.442,0.345,7.541,1.257
"e_y_105_16","e","y","105","16",98.0049639398543,183.187491831862,3.11574904255448,24.9943613846,98.0525162514751,183.24789227619,1.86887495886607,408.37,0.191,2.469,0.178,0.985,1.553,0.43,5.806,0.968
"e_y_140_17","e","y","140","17",71.9565544537507,133.426284695176,2.65639479194705,25.0027292032425,71.9396644452663,133.405000500304,1.85440120591335,481.58,0.111,2.96,0.104,1.594,2.158,0.335,7.262,1.21
"e_y_140_18","e","y","140","18",100.406621890836,193.327731941422,6.12263076146972,24.9920903344451,100.474971068488,193.417160491434,1.92502827753583,433.51,0.165,2.697,0.136,1.229,1.833,0.351,6.411,1.069
"e_y_140_19","e","y","140","19",115.795951392168,209.62617118616,4.54999560434672,24.9932649646119,115.863065550306,209.708733597063,1.80997052512831,538.26,0.268,3.685,0.152,1.389,1.902,0.518,7.914,1.319
"e_y_140_20","e","y","140","20",96.9328444736193,176.86323043075,3.17371641634556,25.0110085039286,96.8411173403619,176.749479255965,1.82514911135064,650.3,0.19,4.124,0.18,1.893,2.678,0.548,9.613,1.602
"e_y_210_21","e","y","210","21",84.9704304693045,158.569968383633,4.28455593953414,24.9955826840794,85.0027261296928,158.610924921827,1.86595103643884,513.16,0.105,3.418,0.117,1.514,2.361,0.296,7.811,1.302
"e_y_210_22","e","y","210","22",77.0771418634194,145.251762397698,4.53412837956749,25.0066358057379,77.0331637395088,145.195436850079,1.88484322597815,553.93,0.148,3.702,0.141,2.369,4.414,0.257,11.031,1.839
"e_y_210_23","e","y","210","23",88.7876591005835,167.203091205978,3.6913007732115,24.9824608339241,88.9217613589874,167.374683540448,1.88226909794035,576.32,0.129,3.688,0.104,1.828,2.536,0.177,8.462,1.41
"e_y_210_24","e","y","210","24",70.2998731922567,131.860795145666,2.93170678043553,24.9806826819835,70.4168296602092,132.009850612796,1.87469176402571,728.24,0.153,4.77,0.118,2.587,3.64,0.278,11.546,1.924
"e_y_210_58","e","y","210","58",62.6590629645059,121.000481418885,2.90933516361585,24.9843705255747,62.7433869087181,121.111126559463,1.93026121996985,NA,NA,NA,NA,NA,NA,NA,NA,NA
"e_y_280_25","e","y","280","25",105.951598996067,191.290033961584,6.74178446249699,25.0137892638397,105.826033140075,191.135949210932,1.80613355277086,687.89,0.261,4.852,0.193,2.592,3.295,0.239,11.432,1.905
"e_y_280_27","e","y","280","27",101.150234631578,177.843268236131,6.12794213392422,25.0073192217832,101.086579905101,177.767204612774,1.75856384477208,872,0.232,6.573,0.173,3.553,5.527,0.439,16.497,2.75
"e_y_280_28","e","y","280","28",79.951971191176,152.492819275017,4.30389480631567,24.9877276931486,80.0364381342711,152.602290385199,1.90666019056458,649.08,0.22,4.406,0.198,2.009,3.488,0.231,10.552,1.759
"e_y_35_5","e","y","35","5",135.084959688125,242.592151794181,6.92818947538108,24.9972813511409,135.116555668299,242.630711592627,1.79571415503122,216.08,0.112,1.456,0.076,0.524,0.936,0.298,3.402,0.567
"e_y_35_6","e","y","35","6",74.5904015738638,141.247779300393,3.06264447162602,24.9929326105643,74.635767720441,141.306156768294,1.89327665654323,265.22,0.104,1.521,0.104,0.547,1.284,0.246,3.806,0.634
"e_y_35_7","e","y","35","7",95.9778904492731,173.349404073994,5.42124000918536,24.994659379693,96.0219972838029,173.403539189428,1.80587307173913,357.42,0.105,2.294,0.122,0.85,1.721,0.388,5.48,0.913
"e_y_35_8","e","y","35","8",94.6644810801494,172.630756412757,4.88391709628095,25.0047172149418,94.6260800997554,172.583163948084,1.82384352988252,225.9,0.118,1.488,0.137,0.549,0.993,0.3,3.585,0.598
"e_y_350_29","e","y","350","29",108.230810136211,184.299495184085,5.92445719441101,25.0016117864494,108.215805951077,184.282131685794,1.70291326730131,712.06,0.175,5.003,0.152,2.652,3.353,0.29,11.625,1.938
"e_y_350_30","e","y","350","30",89.534243056945,165.661023759165,3.33204060115505,25.0000738678846,89.5336741507821,165.660308412007,1.85025701204914,637.09,0.194,4.484,0.177,2.108,3.311,0.28,10.554,1.759
"e_y_350_31","e","y","350","31",109.015773338297,192.430166123801,6.31008212903473,24.9958956944366,109.054271359609,192.476345653438,1.7649592561005,694.58,0.249,5.235,0.224,3.468,3.648,0.177,13.001,2.167
"e_y_350_32","e","y","350","32",108.986125835789,190.616917280271,5.86328584998299,24.9993628202448,108.99209960337,190.624017643558,1.74897096520989,654.94,0.242,5.122,0.187,2.849,6.955,0.093,15.448,2.575
"e_n_350_68","e","n","350","68",99.1337827569273,184.371815691081,5.44018568264465,25.0008497803823,99.1265366773762,184.362657192293,1.85987187056007,822.88,0.241,6.24,0.2,2.87,7.848,0,17.399,2.9
"e_y_630_33","e","y","630","33",57.3682732132857,105.844184629491,3.81710793772821,24.9910049803325,57.4126868374538,105.899867025427,1.84453772953093,725.17,0.206,5.258,0.181,3.336,4.297,0.023,13.301,2.217
"e_y_630_34","e","y","630","34",123.636543399344,214.276733540881,6.96575061931019,24.9903935804724,123.738770805176,214.397126025633,1.73265925166814,834.18,0.148,6.758,0.144,2.951,4.213,0.047,14.261,2.377
"e_y_630_35","e","y","630","35",92.0665551142047,152.443126540094,4.21289286003075,24.9922475459292,92.1279807470331,152.5122407516,1.65543887443242,938.96,0.168,7.008,0.156,3.636,4.708,0.037,15.713,2.619
"e_y_630_36","e","y","630","36",104.677860145343,183.834819921583,4.54082964445183,24.9894419348188,104.772991564918,183.948346288602,1.75568477659269,1087.67,0.27,7.746,0.243,4.152,4.811,0.035,17.257,2.876
"e_y_70_10","e","y","70","10",84.3888955256057,154.652322035317,3.74652128929497,24.9997373425511,84.3908022151379,154.654696658686,1.83260133331146,189.68,0.111,1.264,0.094,0.517,1.152,0.245,3.383,0.564
"e_y_70_11","e","y","70","11",117.282714750992,216.776418296571,3.89934406569691,25.0119931982882,117.161810710007,216.624533433428,1.84893466668594,367.78,0.169,2.415,0.135,1.023,1.511,0.352,5.605,0.934
"e_y_70_12","e","y","70","12",93.8827458556369,174.384650806402,5.05104961252236,24.9982891027192,93.8965641373931,174.402093516951,1.85738525279539,384.51,0.172,2.605,0.163,1.066,1.823,0.382,6.211,1.035
"e_y_70_9","e","y","70","9",93.7627413068428,170.554786732581,4.3959086283284,25.0085274736981,93.694000172646,170.469803889618,1.81943137848209,439.19,0.124,3.088,0.116,1.137,1.857,0.481,6.803,1.134
"e_n_0_37",NA,NA,NA,NA,NA,NA,NA,NA,NA,NA,NA,32.77,0.027,0.202,0.016,0.238,0.378,0.037,0.898,0.15
"e_n_0_38",NA,NA,NA,NA,NA,NA,NA,NA,NA,NA,NA,21,0.021,0.106,0.015,0.133,0.407,0.005,0.687,0.115
"e_n_105_51",NA,NA,NA,NA,NA,NA,NA,NA,NA,NA,NA,152.81,0.095,1.045,0.071,0.673,1.529,0,3.413,0.569
"e_n_140_56",NA,NA,NA,NA,NA,NA,NA,NA,NA,NA,NA,226.78,0.086,1.422,0.066,0.853,2.19,0,4.617,0.77
"e_n_280_63",NA,NA,NA,NA,NA,NA,NA,NA,NA,NA,NA,489.26,0.18,3.118,0.141,1.619,2.708,0.071,7.837,1.306
"a_y_280_97",NA,NA,NA,NA,NA,NA,NA,NA,NA,NA,NA,570.54,NA,NA,NA,NA,NA,NA,0,0
"a_n_280_136",NA,NA,NA,NA,NA,NA,NA,NA,NA,NA,NA,367.77,NA,NA,NA,NA,NA,NA,0,0
"a_n_350_139",NA,NA,NA,NA,NA,NA,NA,NA,NA,NA,NA,299.68,NA,NA,NA,NA,NA,NA,0,0
"a_n_350_140",NA,NA,NA,NA,NA,NA,NA,NA,NA,NA,NA,382.73,NA,NA,NA,NA,NA,NA,0,0
